<?xml version="1.0" encoding="UTF-8"?>
<metadata xmlns="http://www.demandware.com/xml/impex/metadata/2006-10-31">
    <custom-type type-id="OrderNotifyUpdates">
        <staging-mode>no-staging</staging-mode>
        <storage-scope>site</storage-scope>
        <key-definition attribute-id="ID">
            <type>string</type>
            <min-length>0</min-length>
        </key-definition>
        <attribute-definitions>
            <attribute-definition attribute-id="orderNo">
                <display-name xml:lang="x-default">orderNo</display-name>
                <type>string</type>
                <localizable-flag>false</localizable-flag>
                <mandatory-flag>false</mandatory-flag>
                <externally-managed-flag>false</externally-managed-flag>
                <min-length>0</min-length>
                <field-length>0</field-length>
            </attribute-definition>
            <attribute-definition attribute-id="timeStamp">
                <display-name xml:lang="x-default">timeStamp</display-name>
                <type>datetime</type>
                <localizable-flag>false</localizable-flag>
                <mandatory-flag>false</mandatory-flag>
                <externally-managed-flag>false</externally-managed-flag>
            </attribute-definition>
            <attribute-definition attribute-id="xmlString">
                <display-name xml:lang="x-default">xmlString</display-name>
                <type>string</type>
                <localizable-flag>false</localizable-flag>
                <mandatory-flag>false</mandatory-flag>
                <externally-managed-flag>false</externally-managed-flag>
                <min-length>0</min-length>
                <field-length>0</field-length>
            </attribute-definition>
        </attribute-definitions>
        <group-definitions>
            <attribute-group group-id="orders">
                <attribute attribute-id="orderNo"/>
                <attribute attribute-id="xmlString"/>
                <attribute attribute-id="ID"/>
                <attribute attribute-id="timeStamp"/>
            </attribute-group>
        </group-definitions>
    </custom-type>
    <custom-type type-id="MultiMerchantBySite">
        <display-name xml:lang="x-default">Multi Merchant By Site</display-name>
        <staging-mode>no-staging</staging-mode>
        <storage-scope>organization</storage-scope>
        <key-definition attribute-id="Name">
            <display-name xml:lang="x-default">SiteID</display-name>
            <description xml:lang="x-default">Site ID</description>
            <type>string</type>
            <min-length>0</min-length>
        </key-definition>
        <attribute-definitions>
            <attribute-definition attribute-id="MerchantID">
                <display-name xml:lang="x-default">Merchant ID</display-name>
                <description xml:lang="x-default">Merchant ID</description>
                <type>string</type>
                <localizable-flag>false</localizable-flag>
                <mandatory-flag>false</mandatory-flag>
                <externally-managed-flag>false</externally-managed-flag>
                <min-length>0</min-length>
            </attribute-definition>
            <attribute-definition attribute-id="XMLPassword">
                <display-name xml:lang="x-default">XML Password</display-name>
                <description xml:lang="x-default">XML Password</description>
                <type>password</type>
                <mandatory-flag>false</mandatory-flag>
                <externally-managed-flag>false</externally-managed-flag>
            </attribute-definition>
            <attribute-definition attribute-id="XMLUserName">
                <display-name xml:lang="x-default">XML User Name</display-name>
                <description xml:lang="x-default">XML User Name</description>
                <type>string</type>
                <localizable-flag>false</localizable-flag>
                <mandatory-flag>false</mandatory-flag>
                <externally-managed-flag>false</externally-managed-flag>
                <min-length>0</min-length>
            </attribute-definition>
        </attribute-definitions>
        <group-definitions>
            <attribute-group group-id="Config">
                <display-name xml:lang="x-default">Config</display-name>
                <attribute attribute-id="Name"/>
                <attribute attribute-id="MerchantID"/>
                <attribute attribute-id="XMLUserName"/>
                <attribute attribute-id="XMLPassword"/>
            </attribute-group>
        </group-definitions>
    </custom-type>
    <custom-type type-id="ConfiguredLabels">
        <display-name xml:lang="x-default">Configured Labels</display-name>
        <description xml:lang="x-default">This Custom Object Will Have all The name value pairs of configured labels in BM</description>
        <staging-mode>source-to-target</staging-mode>
        <storage-scope>site</storage-scope>
        <key-definition attribute-id="labelName">
            <type>string</type>
            <min-length>0</min-length>
        </key-definition>
        <attribute-definitions>
            <attribute-definition attribute-id="labelValue">
                <display-name xml:lang="x-default">Lable Value</display-name>
                <description xml:lang="x-default">It stores value for particular label name</description>
                <type>string</type>
                <localizable-flag>true</localizable-flag>
                <mandatory-flag>false</mandatory-flag>
                <externally-managed-flag>false</externally-managed-flag>
                <min-length>0</min-length>
            </attribute-definition>
        </attribute-definitions>
        <group-definitions>
            <attribute-group group-id="keyValuePair">
                <display-name xml:lang="x-default">Lable Name and Value</display-name>
                <attribute attribute-id="labelName"/>
                <attribute attribute-id="labelValue"/>
            </attribute-group>
        </group-definitions>
    </custom-type>
    <custom-type type-id="CustomExtendedResponseMessages">
        <display-name xml:lang="x-default">ErrorCode</display-name>
        <staging-mode>source-to-target</staging-mode>
        <storage-scope>site</storage-scope>
        <key-definition attribute-id="errorCode">
            <display-name xml:lang="x-default">Error Code</display-name>
            <type>string</type>
            <min-length>0</min-length>
        </key-definition>
        <attribute-definitions>
            <attribute-definition attribute-id="errorMessage">
                <display-name xml:lang="x-default">Error Message</display-name>
                <type>string</type>
                <localizable-flag>true</localizable-flag>
                <mandatory-flag>false</mandatory-flag>
                <externally-managed-flag>false</externally-managed-flag>
                <min-length>0</min-length>
            </attribute-definition>
        </attribute-definitions>
        <group-definitions>
            <attribute-group group-id="Config">
                <display-name xml:lang="x-default">Configuration of Error Messages</display-name>
                <attribute attribute-id="errorCode"/>
                <attribute attribute-id="errorMessage"/>
            </attribute-group>
        </group-definitions>
    </custom-type>
    <custom-type type-id="MultiMerchantByChannel">
        <display-name xml:lang="x-default">Multi Merchant By Channel</display-name>
        <staging-mode>no-staging</staging-mode>
        <storage-scope>site</storage-scope>
        <key-definition attribute-id="Name">
            <display-name xml:lang="x-default">Channel Name</display-name>
            <description xml:lang="x-default">Channel Name</description>
            <type>string</type>
            <min-length>0</min-length>
        </key-definition>
        <attribute-definitions>
            <attribute-definition attribute-id="MerchantID">
                <display-name xml:lang="x-default">Merchant ID</display-name>
                <description xml:lang="x-default">Merchant ID</description>
                <type>string</type>
                <localizable-flag>false</localizable-flag>
                <mandatory-flag>false</mandatory-flag>
                <externally-managed-flag>false</externally-managed-flag>
                <min-length>0</min-length>
            </attribute-definition>
            <attribute-definition attribute-id="GooglePayMerchantID">
                <display-name xml:lang="x-default">Google Pay Merchant ID</display-name>
                <description xml:lang="x-default">Google Pay Merchant ID</description>
                <type>string</type>
                <localizable-flag>false</localizable-flag>
                <mandatory-flag>false</mandatory-flag>
                <externally-managed-flag>false</externally-managed-flag>
                <min-length>0</min-length>
            </attribute-definition>
            <attribute-definition attribute-id="gatewayMerchantID">
                <display-name xml:lang="x-default">Gateway Merchant ID for Google Pay</display-name>
                <type>string</type>
                <localizable-flag>false</localizable-flag>
                <mandatory-flag>false</mandatory-flag>
                <externally-managed-flag>false</externally-managed-flag>
                <min-length>0</min-length>
            </attribute-definition>
            <attribute-definition attribute-id="WorldpayMerchantNumber">
                <display-name xml:lang="x-default">Worldpay Merchant Number</display-name>
                <description xml:lang="x-default">Worldpay Merchant Number</description>
                <type>string</type>
                <localizable-flag>false</localizable-flag>
                <mandatory-flag>false</mandatory-flag>
                <externally-managed-flag>false</externally-managed-flag>
                <min-length>0</min-length>
            </attribute-definition>
            <attribute-definition attribute-id="XMLPassword">
                <display-name xml:lang="x-default">XML Password</display-name>
                <description xml:lang="x-default">XML Password</description>
                <type>password</type>
                <mandatory-flag>false</mandatory-flag>
                <externally-managed-flag>false</externally-managed-flag>
            </attribute-definition>
            <attribute-definition attribute-id="XMLUserName">
                <display-name xml:lang="x-default">XML User Name</display-name>
                <description xml:lang="x-default">XML User Name</description>
                <type>string</type>
                <localizable-flag>false</localizable-flag>
                <mandatory-flag>false</mandatory-flag>
                <externally-managed-flag>false</externally-managed-flag>
                <min-length>0</min-length>
            </attribute-definition>
        </attribute-definitions>
        <group-definitions>
            <attribute-group group-id="Config">
                <display-name xml:lang="x-default">Config</display-name>
                <attribute attribute-id="Name"/>
                <attribute attribute-id="MerchantID"/>
                <attribute attribute-id="GooglePayMerchantID"/>
                <attribute attribute-id="gatewayMerchantID"/>
                <attribute attribute-id="WorldpayMerchantNumber"/>
                <attribute attribute-id="XMLUserName"/>
                <attribute attribute-id="XMLPassword"/>
            </attribute-group>
        </group-definitions>
    </custom-type>
    <custom-type type-id="MultiMerchantByPaymentMethod">
        <display-name xml:lang="x-default">Multi Merchant By Payment Method</display-name>
        <staging-mode>no-staging</staging-mode>
        <storage-scope>site</storage-scope>
        <key-definition attribute-id="ID">
            <display-name xml:lang="x-default">Payment Method ID</display-name>
            <description xml:lang="x-default">Payment Method ID</description>
            <type>string</type>
            <min-length>0</min-length>
        </key-definition>
        <attribute-definitions>
            <attribute-definition attribute-id="merchantID">
                <display-name xml:lang="x-default">Merchant ID</display-name>
                <description xml:lang="x-default">Merchant ID</description>
                <type>string</type>
                <localizable-flag>false</localizable-flag>
                <mandatory-flag>false</mandatory-flag>
                <externally-managed-flag>false</externally-managed-flag>
                <min-length>0</min-length>
            </attribute-definition>
            <attribute-definition attribute-id="userName">
                <display-name xml:lang="x-default">XML User Name</display-name>
                <description xml:lang="x-default">XML User Name</description>
                <type>string</type>
                <localizable-flag>false</localizable-flag>
                <mandatory-flag>false</mandatory-flag>
                <externally-managed-flag>false</externally-managed-flag>
                <min-length>0</min-length>
            </attribute-definition>
            <attribute-definition attribute-id="password">
                <display-name xml:lang="x-default">XML Password</display-name>
                <description xml:lang="x-default">XML Password</description>
                <type>password</type>
                <mandatory-flag>false</mandatory-flag>
                <externally-managed-flag>false</externally-managed-flag>
            </attribute-definition>
            <attribute-definition attribute-id="googlePayMerchantID">
                <display-name xml:lang="x-default">Google Pay Merchant ID</display-name>
                <description xml:lang="x-default">Google Pay Merchant ID for respective merchant code</description>
                <type>string</type>
                <localizable-flag>false</localizable-flag>
                <mandatory-flag>false</mandatory-flag>
                <externally-managed-flag>false</externally-managed-flag>
                <min-length>0</min-length>
            </attribute-definition>
            <attribute-definition attribute-id="gatewayMerchantID">
                <display-name xml:lang="x-default">Gateway Merchant ID for Google Pay</display-name>
                <type>string</type>
                <localizable-flag>false</localizable-flag>
                <mandatory-flag>false</mandatory-flag>
                <externally-managed-flag>false</externally-managed-flag>
                <min-length>0</min-length>
            </attribute-definition>
            <attribute-definition attribute-id="mandateNumber">
                <display-name xml:lang="x-default">SEPA Mandate Number</display-name>
                <description xml:lang="x-default">SEPA Mandate Number</description>
                <type>string</type>
                <localizable-flag>false</localizable-flag>
                <mandatory-flag>false</mandatory-flag>
                <externally-managed-flag>false</externally-managed-flag>
                <min-length>0</min-length>
                <field-length>50</field-length>
            </attribute-definition>
        </attribute-definitions>
        <group-definitions>
            <attribute-group group-id="custom">
                <display-name xml:lang="x-default">custom</display-name>
                <attribute attribute-id="ID"/>
                <attribute attribute-id="merchantID"/>
                <attribute attribute-id="userName"/>
                <attribute attribute-id="password"/>
                <attribute attribute-id="googlePayMerchantID"/>
                <attribute attribute-id="gatewayMerchantID"/>
                <attribute attribute-id="mandateNumber"/>
            </attribute-group>
        </group-definitions>
    </custom-type>
</metadata>
