<?xml version="1.0" encoding="UTF-8"?>
<library xmlns="http://www.demandware.com/xml/impex/library/2006-10-31" library-id="RefArchSharedLibrary">
    <content content-id="worldpay-elv-consent">
        <display-name xml:lang="x-default">Worldpay SEPA Mandate Consent</display-name>
        <online-flag>true</online-flag>
        <searchable-flag>false</searchable-flag>
        <page-attributes/>
        <custom-attributes>
            <custom-attribute attribute-id="body" xml:lang="x-default">By signing this mandate form, you (the Debtor) authorise (A) Worldpay (the Creditor) to send instructions to your bank to debit your account and (B) your bank to debit your account in accordance with the instruction from Worldpay.   As part of your rights, you are entitled to a refund from your bank under the terms and conditions of your agreement with your bank. A refund must be claimed within eight weeks starting from the date on which your account was debited. Your rights are explained in a statement that you can obtain from your bank.</custom-attribute>
        </custom-attributes>
    </content>
    <content content-id="worldpayhelper">
        <display-name xml:lang="x-default">Worldpay Helper</display-name>
        <online-flag>true</online-flag>
        <searchable-flag>true</searchable-flag>
        <page-attributes/>
        <custom-attributes>
            <custom-attribute attribute-id="body" xml:lang="x-default">&lt;script&gt;&#13;
selectAction();&#13;
            // Tell the parent iframe what height the iframe needs to be&#13;
            function selectAction() {&#13;
&#13;
                var action = getParam('action');&#13;
&#13;
                switch(action){&#13;
                    case 'resize':&#13;
                        resize();&#13;
                        break;&#13;
                    case 'redirect':&#13;
                        redirect();&#13;
                        break;&#13;
                    case 'scroll':&#13;
                        scroll();&#13;
                        break;&#13;
                    default:&#13;
                        break;&#13;
                }&#13;
            }&#13;
&#13;
            // Tell the parent iframe to redirect to a url&#13;
            function redirect() {&#13;
&#13;
                var url = getParam('url'),&#13;
                id = getParam('iframeIntegrationId');&#13;
&#13;
                // This works as our parent's parent is on our domain&#13;
                var obj = parent.parent.window[id];&#13;
                obj.redirect(url);&#13;
            }&#13;
&#13;
            // Tell the parent iframe to scroll to the top of the page&#13;
            function scroll(){&#13;
&#13;
                var id = getParam('iframeIntegrationId');&#13;
&#13;
                // This works as our parent's parent is on our domain&#13;
                var obj = parent.parent.window[id];&#13;
                obj.scroll();;&#13;
            }&#13;
&#13;
            // Tell the parent iframe what height the iframe needs to be&#13;
            function resize(){&#13;
&#13;
                var height = getParam('height'),&#13;
                id = getParam('iframeIntegrationId');&#13;
&#13;
                // This works as our parent's parent is on our domain..&#13;
                var obj = parent.parent.window[id];&#13;
                obj.resize(height);&#13;
            }&#13;
&#13;
            // Helper function, parse param from request string&#13;
            function getParam(name) {&#13;
&#13;
                name = name.replace(/[\[]/,"\\\[").replace(/[\]]/,"\\\]");&#13;
                var regexS = "[\\?&amp;]"+name+"=([^&amp;#]*)";&#13;
                var regex = new RegExp( regexS );&#13;
                var results = regex.exec( window.location.href );&#13;
&#13;
                if( results == null )&#13;
                    return "";&#13;
                else&#13;
                    return results[1];&#13;
            }&#13;
        &lt;/script&gt;</custom-attribute>
        </custom-attributes>
    </content>

        <content content-id="saveCardDisclaimer">
        <display-name xml:lang="x-default">Save Card Disclaimer</display-name>
        <online-flag>true</online-flag>
        <searchable-flag>true</searchable-flag>
        <page-attributes/>
        <custom-attributes>
            <custom-attribute attribute-id="body" xml:lang="x-default">Your security is important to us. Online payments are passed via a secure socket layer to a payment processor where your information is tokenized (whereby a random number is generated to represent your payment). The payment processor is PCI compliant which ensures that your information is being handled per industry security standards. Do you want to save the card?</custom-attribute>
        </custom-attributes>
    </content>

  <content content-id="ca-klarna-terms-and-conditions">
        <display-name xml:lang="x-default">ca-klarna-terms-and-conditions</display-name>
        <online-flag>true</online-flag>
        <searchable-flag>true</searchable-flag>
        <page-attributes/>
        <custom-attributes>
            <custom-attribute attribute-id="body" xml:lang="de">Zahlung per Rechnung und Finanzierung&#13;
&#13;
In Zusammenarbeit mit Klarna AB (publ) &lt;a href="https://www.klarna.com/de/"&gt;https://www.klarna.com/de&lt;/a&gt;, Sveavägen 46, 111 34 Stockholm, Schweden, bieten wir Ihnen den Rechnungskauf und den Ratenkauf als Zahlungsoption an. Bitte beachten Sie, dass Klarna Rechnung und Klarna Ratenkauf nur für Verbraucher verfügbar sind und dass die Zahlung jeweils an Klarna zu erfolgen hat.&#13;
&#13;
Klarna Rechnung&#13;
&#13;
Beim Kauf auf Rechnung mit Klarna bekommen Sie immer zuerst die Ware und Sie haben immer eine Zahlungsfrist von 14 Tagen. Die vollständigen AGB zum Rechnungskauf&#13;
&#13;
für Lieferungen nach Deutschland finden Sie &lt;a href="https://cdn.klarna.com/1.0/shared/content/legal/terms/EID/de_de/invoice?fee=0"&gt; hier: &lt;/a&gt;&#13;
&#13;
und die vollständigen AGB zum Rechnungskauf für Lieferungen nach Österreich finden Sie &lt;a href="https://cdn.klarna.com/1.0/shared/content/legal/terms/EID/de_at/invoice?fee=0"&gt;hier: &lt;/a&gt;&#13;
&#13;
Der Onlineshop erhebt beim Rechnungskauf mit Klarna eine Gebühr von [x] Euro pro Bestellung.&#13;
&#13;
Klarna Ratenkauf&#13;
&#13;
Mit dem Finanzierungsservice von Klarna können Sie Ihren Einkauf flexibel in monatlichen Raten von mindestens 1/24 des Gesamtbetrages (mindestens jedoch 6,95 €) oder unter den sonst in der Kasse angegebenen Bedingungen bezahlen. Weitere Informationen zum Klarna Ratenkauf einschließlich der Allgemeinen Geschäftsbedingungen und der europäischen Standardinformationen für&#13;
&#13;
Verbraucherkredite finden Sie  &lt;a href="https://cdn.klarna.com/1.0/shared/content/legal/terms/EID/de_de/account"&gt; hier: &lt;/a&gt; Klarna Ratenkauf wird nur für Deutschland angeboten.&#13;
&#13;
Datenschutzhinweis&#13;
&#13;
Klarna prüft und bewertet Ihre Datenangaben und pflegt bei berechtigtem Interesse und Anlass einen Datenaustausch mit anderen Unternehmen und Wirtschaftsauskunfteien. Ihre Personenangaben werden in Übereinstimmung mit den geltenden Datenschutzbestimmungen und entsprechend den Angaben in Klarnas Datenschutzbestimmungen für &lt;a href="https://cdn.klarna.com/1.0/shared/content/policy/data/de_de/data_protection.pdf"&gt;Deutschland.&lt;/a&gt;&#13;
&#13;
&#13;
und &lt;a href="https://cdn.klarna.com/1.0/shared/content/policy/data/de_at/data_protection.pdf"&gt;Österreich&lt;/a&gt; &#13;
&#13;
behandelt.</custom-attribute>
            <custom-attribute attribute-id="body" xml:lang="de-AT">&lt;div class="amp-ca category-landing category-title"&gt;&#13;
    &lt;div class="content-wrap"&gt;&#13;
            &#13;
                       &lt;h4&gt;In Zusammenarbeit mit &lt;a href="https://www.klarna.com/de/"&gt;Klarna &lt;/a&gt;bieten wir Ihnen den Rechnungskauf als Zahlungsoption. Die Zahlungsfrist beträgt bei Klarna Rechnung 14 Tage ab Rechnungsdatum. Die Rechnung wird bei Versand der Ware ausgestellt und entweder per email oder gemeinsam mit der Ware versandt. Die Zahlung erfolgt an Klarna. Bitte beachten Sie, dass Klarna Rechnung nur für Verbraucher verfügbar ist. Weitere Informationen und Klarnas vollständige AGB zum Rechnungskauf finden Sie &lt;a href="https://cdn.klarna.com/1.0/shared/content/legal/terms/EID/de_at/invoice?fee=0"&gt;hier:&lt;/a&gt;&#13;
&#13;
Der Onlineshop erhebt beim Rechnungskauf mit Klarna eine Servicegebühr von [X] Euro pro Bestellung.&#13;
&#13;
Klarna prüft und bewertet Ihre Datenangaben und pflegt bei berechtigtem Interesse und Anlass einen Datenaustausch mit anderen Unternehmen und Wirtschaftsauskunfteien. Ihre Personenangaben werden in Übereinstimmung mit den geltenden Datenschutzbestimmungen und entsprechend den Angaben in &lt;a href="https://cdn.klarna.com/1.0/shared/content/policy/data/de_at/data_protection.pdf"&gt;Klarnas Datenschutzbestimmungen.&lt;/a&gt; &#13;
&#13;
behandelt.&#13;
&#13;
Für weitere Informationen zu Klarna besuchen Sie &lt;a href="https://www.klarna.com/at/"&gt;www.klarna.at.&lt;/a&gt; Klarna AB, Firmen - und Körperschaftsnummer: 556737-0431&lt;/h4&gt;&#13;
&#13;
                     &#13;
&lt;/div&gt;</custom-attribute>
            <custom-attribute attribute-id="body" xml:lang="de-DE">&lt;div class="amp-ca category-landing category-title"&gt;&#13;
    &lt;div class="content-wrap"&gt;&#13;
            &lt;h2&gt;Zahlung per Rechnung und Finanzierung&lt;/h2&gt;&#13;
                       &lt;h4&gt;In Zusammenarbeit mit Klarna AB (publ), Sveavägen 46, 111 34 Stockholm, Schweden, bieten wir Ihnen den Rechnungskauf und den Ratenkauf als Zahlungsoption an.Bitte beachten Sie, dass Klarna Rechnung und Klarna Ratenkauf nur für Verbraucher verfügbar sind und dass die Zahlung jeweils an Klarna zu erfolgen hat.&lt;/h4&gt;&#13;
&#13;
                       &lt;h2&gt;Klarna Rechnung&lt;/h2&gt;&#13;
                       &lt;h4&gt;Beim Kauf auf Rechnung mit Klarna bekommen Sie immer zuerst die Ware und Sie haben immer eine Zahlungsfrist von 14 Tagen. Die vollständigen AGB zum Rechnungskauf finden Sie &lt;a href="https://cdn.klarna.com/1.0/shared/content/legal/terms/EID/de_de/invoice?fee=0"&gt;hier:&lt;/a&gt; Der Onlineshop erhebt beim Rechnungskauf mit Klarna eine Gebühr von [x] Euro pro Bestellung.&lt;/h4&gt;&#13;
&#13;
                       &lt;h2&gt;Klarna Ratenkauf&lt;/h2&gt;&#13;
                       &lt;h4&gt;Mit dem Finanzierungsservice von Klarna können Sie Ihren Einkauf flexibel in monatlichen Raten von mindestens 1/24 des Gesamtbetrages (mindestens jedoch 6,95 €) oder unter den sonst in der Kasse angegebenen Bedingungen bezahlen. Weitere Informationen zum Klarna Ratenkauf einschließlich der Allgemeinen Geschäftsbedingungen und der europäischen Standardinformationen für Verbraucherkredite finden Sie &lt;a href="https://cdn.klarna.com/1.0/shared/content/legal/terms/EID/de_de/account"&gt;hier:&lt;/a&gt; &lt;/h4&gt;&#13;
&#13;
                        &lt;h2&gt;Datenschutzhinweis&lt;/h2&gt;&#13;
                       &lt;h4&gt;Klarna prüft und bewertet Ihre Datenangaben und pflegt bei berechtigtem Interesse und Anlass einen Datenaustausch mit anderen Unternehmen und Wirtschaftsauskunfteien. Ihre Personenangaben werden in Übereinstimmung mit den geltenden Datenschutzbestimmungen und entsprechend den Angaben in &lt;a href="https://cdn.klarna.com/1.0/shared/content/policy/data/de_de/data_protection.pdf"&gt; Klarnas Datenschutzbestimmungen:&lt;/a&gt; &#13;
&lt;/h4&gt;&#13;
                      &#13;
&#13;
    &lt;/div&gt;&#13;
&#13;
&lt;/div&gt;</custom-attribute>
            <custom-attribute attribute-id="body" xml:lang="en-AT">&lt;div class = "amp-ca category-landing category-title"&gt;&#13;
&lt;div class = "content-wrap"&gt;&#13;
&#13;
                       &lt;h4&gt; In cooperation with &lt;a href="https://www.klarna.com/en/"&gt; Klarna &lt;/a&gt; we offer you the purchase of a bill as a payment option. The payment period for Klarna invoice is 14 days from date of invoice. The invoice will be issued upon shipment of the goods and sent either by email or together with the goods. The payment is made to Klarna. Please note that Klarna Invoice is only available to consumers. For more information and Klarna's complete terms and conditions for invoice purchase, please visit &#13;
&lt;a href="https://cdn.klarna.com/1.0/shared/content/legal/terms/EID/en_at/invoice?fee=0"&gt; here: &lt;/a&gt;&#13;
&#13;
The online shop charges Klarna a service fee of [X] Euro per order.&#13;
&#13;
Klarna examines and evaluates your data and maintains a legitimate interest and cause a data exchange with other companies and credit reference agencies. Your personal information will be in accordance with applicable privacy policy and as stated in &#13;
&lt;a href="http://cdn.klarna.com/1.0/shared/content/legal/terms/0/en_at/privacy"&gt; Klarnas Privacy Policy. &lt;/a&gt;&#13;
&#13;
treated.&#13;
&#13;
For more information on Klarna, visit &lt;a href="https://www.klarna.com/en/"&gt; www.klarna.at &lt;/a&gt; Klarna AB, company and corporate number: 556737-0431 &lt;/ h4 &gt;&#13;
&#13;
                     &#13;
&lt;/ Div&gt;</custom-attribute>
            <custom-attribute attribute-id="body" xml:lang="en-DE">&lt;div class = "amp-ca category-landing category-title"&gt;&#13;
&lt;div class = "content-wrap"&gt;&#13;
&lt;h2&gt; Payment by invoice and financing &lt;/ h2&gt;&#13;
                       &lt;h4&gt; In cooperation with Klarna AB (publ), Sveavägen 46, 111 34 Stockholm, Sweden, we offer you the purchase of invoice and installment purchase as a payment option. Please note that Klarna invoice and Klarna installment purchase are only available to consumers and that the payment must be made to Klarna. &lt;/ h4&gt;&#13;
&#13;
                       &lt;h2&gt; Klarna bill &lt;/ h2&gt;&#13;
                       &lt;h4&gt; When buying on account with Klarna you always get the goods first and you always have a payment period of 14 days. You can find the complete terms and conditions for the invoice purchase on &#13;
&lt;a href="https://cdn.klarna.com/1.0/shared/content/legal/terms/EID/en_de/invoice?fee=0"&gt; here: &lt;/a&gt; The Onlineshop levies a charge of [x] Euro per order when purchasing an invoice with Klarna. &lt;/ H4&gt;&#13;
&#13;
                       &lt;h2&gt; Klarna installment purchase &lt;/ h2&gt;&#13;
                       &lt;h4&gt; With the Klarna financing service, you can flexibly pay for your purchase in monthly installments of at least 1/24 of the total amount (or at least € 6.95) or under conditions otherwise specified in the cash register. For more information on Klarna installment purchases, including the terms and conditions and European standard consumer credit information, please visit &#13;
&lt;a href="https://cdn.klarna.com/1.0/shared/content/legal/terms/EID/en_de/account"&gt; here : &lt;/a&gt; &lt;/ h4&gt;&#13;
&#13;
                        &lt;H2&gt; Privacy Policy &lt;/ h2&gt;&#13;
                       &lt;h4&gt; Klarna examines and evaluates your data and maintains a legitimate interest and cause data exchange with other companies and credit reference agencies. Your personal information will be in accordance with applicable privacy policies and as stated in &#13;
&lt;a href="https://cdn.klarna.com/1.0/shared/content/policy/data/en_de/data_protection.pdf"&gt; Klarnas Privacy Policy: &lt;/a&gt;&#13;
&lt;/ H4&gt;&#13;
                      &#13;
&#13;
&lt;/ Div&gt;&#13;
&#13;
&lt;/ Div&gt;</custom-attribute>
        </custom-attributes>
    </content>


</library>
