<?xml version="1.0" encoding="UTF-8"?>
<payment-settings xmlns="http://www.demandware.com/xml/impex/paymentsettings/2009-09-15">

    <payment-method method-id="PAYPAL-EXPRESS">
        <name xml:lang="x-default">Pay Pal</name>
        <enabled-flag>true</enabled-flag>
        <processor-id>Worldpay</processor-id>
        <custom-attributes>
            <custom-attribute attribute-id="type">DIRECT</custom-attribute>
        </custom-attributes>
        <ranges>
            <range currency="USD">
                <max-purchase-amount>60000</max-purchase-amount>
            </range>
        </ranges>
    </payment-method>
    <payment-method method-id="PAYPAL-SSL">
        <name xml:lang="x-default">PayPal</name>
        <enabled-flag>false</enabled-flag>
        <processor-id>Worldpay</processor-id>
        <custom-attributes>
            <custom-attribute attribute-id="type">DIRECT</custom-attribute>
        </custom-attributes>
        <ranges>
            <range currency="USD">
                <max-purchase-amount>60000</max-purchase-amount>
            </range>
        </ranges>
    </payment-method>
    <payment-method method-id="ACH_DIRECT_DEBIT-SSL">
        <name xml:lang="x-default">ACH Pay</name>
        <enabled-flag>true</enabled-flag>
        <processor-id>Worldpay</processor-id>
        <custom-attributes>
            <custom-attribute attribute-id="type">DIRECT</custom-attribute>
        </custom-attributes>
    </payment-method>

    <payment-method method-id="SOLO-SSL">
        <name xml:lang="x-default">Nordea</name>
        <enabled-flag>false</enabled-flag>
        <processor-id>WorldPay</processor-id>
        <custom-attributes>
            <custom-attribute attribute-id="type">REDIRECT</custom-attribute>
        </custom-attributes>
    </payment-method>

    <payment-method method-id="EBETALNING-SSL">
        <name xml:lang="x-default">Nordea</name>
        <enabled-flag>false</enabled-flag>
        <processor-id>WorldPay</processor-id>
        <custom-attributes>
            <custom-attribute attribute-id="expiryDay">0.0</custom-attribute>
            <custom-attribute attribute-id="type">REDIRECT</custom-attribute>
        </custom-attributes>
    </payment-method>

    <payment-method method-id="DW_APPLE_PAY">
        <name xml:lang="x-default">Apple Pay</name>
        <enabled-flag>false</enabled-flag>
        <processor-id>Worldpay</processor-id>
        <custom-attributes>
            <custom-attribute attribute-id="type">DIRECT</custom-attribute>
        </custom-attributes>
    </payment-method>

    <payment-method method-id="SOFORT_CH-SSL">
        <name xml:lang="x-default">Sofort</name>
        <enabled-flag>true</enabled-flag>
        <processor-id>Worldpay</processor-id>
        <custom-attributes>
            <custom-attribute attribute-id="expiryDay">1.0</custom-attribute>
            <custom-attribute attribute-id="type">DIRECT</custom-attribute>
        </custom-attributes>
        <ranges>
            <range currency="CHF">
                <min-purchase-amount>5</min-purchase-amount>
                <max-purchase-amount>2500</max-purchase-amount>
            </range>
        </ranges>
    </payment-method>

    <payment-method method-id="ALIPAY-SSL">
        <name xml:lang="x-default">Alipay</name>
        <enabled-flag>true</enabled-flag>
        <processor-id>Worldpay</processor-id>
        <countries>
            <country country-code="CN"/>
            <country country-code="TH"/>
            <country country-code="TW"/>
            <country country-code="KR"/>
            <country country-code="SG"/>
            <country country-code="NZ"/>
            <country country-code="JP"/>
            <country country-code="CA"/>
            <country country-code="AU"/>
            <country country-code="US"/>
            <country country-code="HK"/>
        </countries>
        <custom-attributes>
            <custom-attribute attribute-id="type">DIRECT</custom-attribute>
        </custom-attributes>
        <ranges>
            <range currency="AUD">
                <min-purchase-amount>1</min-purchase-amount>
                <max-purchase-amount>600</max-purchase-amount>
            </range>
            <range currency="CAD">
                <min-purchase-amount>1</min-purchase-amount>
                <max-purchase-amount>575</max-purchase-amount>
            </range>
            <range currency="CNY">
                <min-purchase-amount>1</min-purchase-amount>
                <max-purchase-amount>3000</max-purchase-amount>
            </range>
            <range currency="EUR">
                <min-purchase-amount>0.01</min-purchase-amount>
                <max-purchase-amount>380</max-purchase-amount>
            </range>
            <range currency="GBP">
                <min-purchase-amount>0.01</min-purchase-amount>
                <max-purchase-amount>340</max-purchase-amount>
            </range>
            <range currency="HKD">
                <min-purchase-amount>1</min-purchase-amount>
                <max-purchase-amount>3500</max-purchase-amount>
            </range>
            <range currency="SGD">
                <min-purchase-amount>1</min-purchase-amount>
                <max-purchase-amount>600</max-purchase-amount>
            </range>
            <range currency="USD">
                <min-purchase-amount>0.01</min-purchase-amount>
                <max-purchase-amount>450</max-purchase-amount>
            </range>
        </ranges>
    </payment-method>

    <payment-method method-id="SOFORT-SSL">
        <name xml:lang="x-default">Sofort</name>
        <enabled-flag>true</enabled-flag>
        <processor-id>Worldpay</processor-id>
        <countries>
            <country country-code="AT"/>
            <country country-code="BE"/>
            <country country-code="IT"/>
            <country country-code="DE"/>
            <country country-code="ES"/>
        </countries>
        <custom-attributes>
            <custom-attribute attribute-id="expiryDay">1.0</custom-attribute>
            <custom-attribute attribute-id="type">DIRECT</custom-attribute>
        </custom-attributes>
        <ranges>
            <range currency="CHF">
                <min-purchase-amount>5</min-purchase-amount>
                <max-purchase-amount>2500</max-purchase-amount>
            </range>
            <range currency="EUR">
                <min-purchase-amount>1</min-purchase-amount>
                <max-purchase-amount>2000</max-purchase-amount>
            </range>
        </ranges>
    </payment-method>

    <payment-method method-id="MISTERCASH-SSL">
        <name xml:lang="x-default">MisterCash</name>
        <enabled-flag>true</enabled-flag>
        <processor-id>Worldpay</processor-id>
        <countries>
            <country country-code="BE"/>
        </countries>
        <custom-attributes>
            <custom-attribute attribute-id="type">DIRECT</custom-attribute>
        </custom-attributes>
        <ranges>
            <range currency="EUR">
                <min-purchase-amount>0.02</min-purchase-amount>
                <max-purchase-amount>5000</max-purchase-amount>
            </range>
        </ranges>
    </payment-method>

    <payment-method method-id="CHINAUNIONPAY-SSL">
        <name xml:lang="x-default">China Union Pay</name>
        <enabled-flag>true</enabled-flag>
        <processor-id>Worldpay</processor-id>
        <custom-attributes>
            <custom-attribute attribute-id="expiryDay">3.0</custom-attribute>
            <custom-attribute attribute-id="type">REDIRECT</custom-attribute>
        </custom-attributes>
        <ranges>
            <range currency="USD">
                <max-purchase-amount>5000</max-purchase-amount>
            </range>
        </ranges>
    </payment-method>

    <payment-method method-id="IDEAL-SSL">
        <name xml:lang="x-default">iDEAL</name>
        <enabled-flag>true</enabled-flag>
        <processor-id>Worldpay</processor-id>
        <countries>
            <country country-code="NL"/>
            <country country-code="BE"/>
        </countries>
        <custom-attributes>
            <custom-attribute attribute-id="type">DIRECT</custom-attribute>
        </custom-attributes>
        <ranges>
            <range currency="EUR">
                <min-purchase-amount>0.01</min-purchase-amount>
                <max-purchase-amount>50000</max-purchase-amount>
            </range>
        </ranges>
    </payment-method>

    <payment-method method-id="Worldpay">
        <name xml:lang="x-default">Pay By Link</name>
        <enabled-flag>true</enabled-flag>
        <processor-id>Worldpay</processor-id>
        <custom-attributes>
            <custom-attribute attribute-id="type">REDIRECT</custom-attribute>
        </custom-attributes>
    </payment-method>

    <payment-method method-id="KLARNA-SSL">
        <name xml:lang="x-default">Klarna</name>
        <enabled-flag>true</enabled-flag>
        <processor-id>Worldpay</processor-id>
        <countries>
            <country country-code="AT"/>
            <country country-code="FI"/>
            <country country-code="NL"/>
            <country country-code="NO"/>
            <country country-code="SE"/>
            <country country-code="GB"/>
            <country country-code="DE"/>
        </countries>
        <currencies>
            <currency>EUR</currency>
            <currency>GBP</currency>
            <currency>NOK</currency>
            <currency>SEK</currency>
        </currencies>
        <custom-attributes>
            <custom-attribute attribute-id="expiryDay">1.0</custom-attribute>
            <custom-attribute attribute-id="type">DIRECT</custom-attribute>
        </custom-attributes>
        <ranges>
            <range currency="GBP">
                <max-purchase-amount>5000</max-purchase-amount>
            </range>
        </ranges>
    </payment-method>
    <payment-method method-id="PRZELEWY-SSL">
        <name xml:lang="x-default">Przelewy24 </name>
        <enabled-flag>true</enabled-flag>
        <processor-id>Worldpay</processor-id>
        <countries>
            <country country-code="PL"/>
        </countries>
        <custom-attributes>
            <custom-attribute attribute-id="expiryDay">1.0</custom-attribute>
            <custom-attribute attribute-id="type">DIRECT</custom-attribute>
        </custom-attributes>
        <ranges>
            <range currency="PLN">
                <min-purchase-amount>1</min-purchase-amount>
                <max-purchase-amount>50000</max-purchase-amount>
            </range>
        </ranges>
    </payment-method>

    <payment-method method-id="KONBINI-SSL">
        <name xml:lang="x-default">Konbini</name>
        <enabled-flag>true</enabled-flag>
        <processor-id>Worldpay</processor-id>
        <countries>
            <country country-code="JP"/>
        </countries>
        <custom-attributes>
            <custom-attribute attribute-id="expiryDay">1.0</custom-attribute>
            <custom-attribute attribute-id="type">DIRECT</custom-attribute>
        </custom-attributes>
        <ranges>
            <range currency="JPY">
                <min-purchase-amount>100</min-purchase-amount>
                <max-purchase-amount>300000</max-purchase-amount>
            </range>
        </ranges>
    </payment-method>

    <payment-method method-id="POLI-SSL">
        <name xml:lang="x-default">Poli</name>
        <enabled-flag>true</enabled-flag>
        <processor-id>Worldpay</processor-id>
        <countries>
            <country country-code="AU"/>
        </countries>
        <custom-attributes>
            <custom-attribute attribute-id="expiryDay">1.0</custom-attribute>
            <custom-attribute attribute-id="type">DIRECT</custom-attribute>
        </custom-attributes>
        <ranges>
            <range currency="AUD">
                <min-purchase-amount>1</min-purchase-amount>
                <max-purchase-amount>501</max-purchase-amount>
            </range>
        </ranges>
    </payment-method>

    <payment-method method-id="ELV-SSL">
        <name xml:lang="x-default">SEPA</name>
        <enabled-flag>true</enabled-flag>
        <processor-id>Worldpay</processor-id>
        <countries>
            <country country-code="AT"/>
            <country country-code="BE"/>
            <country country-code="DE"/>
            <country country-code="ES"/>
            <country country-code="FR"/>
            <country country-code="IE"/>
            <country country-code="IT"/>
            <country country-code="NL"/>
        </countries>
        <custom-attributes>
            <custom-attribute attribute-id="type">DIRECT</custom-attribute>
        </custom-attributes>
        <ranges>
            <range currency="EUR">
                <min-purchase-amount>1</min-purchase-amount>
                <max-purchase-amount>10000</max-purchase-amount>
            </range>
        </ranges>
    </payment-method>

    <payment-method method-id="PAYWITHGOOGLE-SSL">
        <name xml:lang="x-default">Google Pay</name>
        <enabled-flag>true</enabled-flag>
        <processor-id>Worldpay</processor-id>
        <custom-attributes>
            <custom-attribute attribute-id="type">DIRECT</custom-attribute>
        </custom-attributes>
    </payment-method>

    <payment-method method-id="SEPA_DIRECT_DEBIT-SSL">
        <name xml:lang="x-default">SEPA</name>
        <enabled-flag>true</enabled-flag>
        <processor-id>Worldpay</processor-id>
        <custom-attributes>
            <custom-attribute attribute-id="type">DIRECT</custom-attribute>
        </custom-attributes>
    </payment-method>

    <payment-method method-id="CREDIT_CARD">
        <name xml:lang="x-default">Credit Card</name>
        <name xml:lang="fr-FR">Carte de crédit</name>
        <name xml:lang="it-IT">Carta di credito</name>
        <name xml:lang="ja-JP">クレジットカード</name>
        <name xml:lang="zh-CN">信用卡</name>
        <enabled-flag>true</enabled-flag>
        <processor-id>Worldpay</processor-id>
        <custom-attributes>
            <custom-attribute attribute-id="expiryDay">30.0</custom-attribute>
            <custom-attribute attribute-id="type">DIRECT</custom-attribute>
        </custom-attributes>
    </payment-method>

    <payment-method method-id="WECHATPAY-SSL">
        <name xml:lang="x-default">Wechatpay</name>
        <enabled-flag>true</enabled-flag>
        <processor-id>Worldpay</processor-id>
        <custom-attributes>
            <custom-attribute attribute-id="type">DIRECT</custom-attribute>
        </custom-attributes>
    </payment-method>

    <payment-method method-id="ALIPAYMOBILE-SSL">
        <name xml:lang="x-default">Alipay Mobile</name>
        <enabled-flag>true</enabled-flag>
        <processor-id>Worldpay</processor-id>
        <custom-attributes>
            <custom-attribute attribute-id="type">DIRECT</custom-attribute>
        </custom-attributes>
    </payment-method>

    <payment-method method-id="KLARNA_SLICEIT-SSL">
        <name xml:lang="x-default">KLARNA SLICE IT</name>
        <enabled-flag>true</enabled-flag>
        <processor-id>Worldpay</processor-id>
        <countries>
            <country country-code="AT"/>
            <country country-code="DE"/>
            <country country-code="DK"/>
            <country country-code="FI"/>
            <country country-code="GB"/>
            <country country-code="NO"/>
            <country country-code="SE"/>
            <country country-code="US"/>
        </countries>
        <custom-attributes>
            <custom-attribute attribute-id="type">DIRECT</custom-attribute>
        </custom-attributes>
    </payment-method>

    <payment-method method-id="KLARNA_PAYLATER-SSL">
        <name xml:lang="x-default">KLARNA PAYLATER</name>
        <enabled-flag>true</enabled-flag>
        <processor-id>Worldpay</processor-id>
        <countries>
            <country country-code="AT"/>
            <country country-code="CH"/>
            <country country-code="DE"/>
            <country country-code="DK"/>
            <country country-code="FI"/>
            <country country-code="GB"/>
            <country country-code="NL"/>
            <country country-code="NO"/>
            <country country-code="SE"/>
            <country country-code="US"/>
        </countries>
        <custom-attributes>
            <custom-attribute attribute-id="type">DIRECT</custom-attribute>
        </custom-attributes>
    </payment-method>

    <payment-method method-id="KLARNA_PAYNOW-SSL">
        <name xml:lang="x-default">KLARNA PAYNOW</name>
        <enabled-flag>true</enabled-flag>
        <processor-id>Worldpay</processor-id>
        <countries>
            <country country-code="AT"/>
            <country country-code="DE"/>
            <country country-code="NL"/>
            <country country-code="SE"/>
        </countries>
        <custom-attributes>
            <custom-attribute attribute-id="type">DIRECT</custom-attribute>
        </custom-attributes>
    </payment-method>

    <payment-card card-type="Master">
        <name xml:lang="x-default">Master Card</name>
        <name xml:lang="fr-FR">Master Card</name>
        <name xml:lang="it-IT">Master Card</name>
        <name xml:lang="ja-JP">Master Card</name>
        <name xml:lang="zh-CN">Master Card（万事达卡）</name>
        <enabled-flag>false</enabled-flag>
        <card-number-settings>
            <enable-checksum-verification>true</enable-checksum-verification>
            <number-length>
                <length>16</length>
            </number-length>
            <number-prefix>
                <prefix>51-55</prefix>
            </number-prefix>
        </card-number-settings>
        <security-code-length>3</security-code-length>
    </payment-card>

    <payment-card card-type="CB">
        <name xml:lang="x-default">Cartes Bancaires</name>
        <enabled-flag>true</enabled-flag>
        <countries>
            <country country-code="FR"/>
        </countries>
        <custom-attributes>
            <custom-attribute attribute-id="worldPayCardType">CB-SSL</custom-attribute>
        </custom-attributes>
    </payment-card>

    <payment-card card-type="Visa">
        <name xml:lang="x-default">Visa</name>
        <name xml:lang="fr-FR">Visa</name>
        <name xml:lang="it-IT">Visa</name>
        <name xml:lang="ja-JP">Visa</name>
        <name xml:lang="zh-CN">Visa</name>
        <enabled-flag>true</enabled-flag>
        <card-number-settings>
            <enable-checksum-verification>true</enable-checksum-verification>
            <number-length>
                <length>13</length>
                <length>16</length>
            </number-length>
            <number-prefix>
                <prefix>4</prefix>
            </number-prefix>
        </card-number-settings>
        <security-code-length>3</security-code-length>
        <custom-attributes>
            <custom-attribute attribute-id="worldPayCardType">VISA-SSL</custom-attribute>
        </custom-attributes>
    </payment-card>

    <payment-card card-type="JCB">
        <name xml:lang="x-default">JCB</name>
        <enabled-flag>true</enabled-flag>
        <card-number-settings>
            <enable-checksum-verification>true</enable-checksum-verification>
            <number-length>
                <length>13</length>
                <length>16</length>
            </number-length>
            <number-prefix>
                <prefix>3</prefix>
            </number-prefix>
        </card-number-settings>
        <security-code-length>3</security-code-length>
        <custom-attributes>
            <custom-attribute attribute-id="worldPayCardType">JCB-SSL</custom-attribute>
        </custom-attributes>
    </payment-card>

    <payment-card card-type="Amex">
        <name xml:lang="x-default">American Express</name>
        <name xml:lang="fr-FR">American Express</name>
        <name xml:lang="it-IT">American Express</name>
        <name xml:lang="ja-JP">American Express</name>
        <name xml:lang="zh-CN">American Express（美国运通卡）</name>
        <enabled-flag>true</enabled-flag>
        <card-number-settings>
            <enable-checksum-verification>true</enable-checksum-verification>
            <number-length>
                <length>14</length>
                <length>15</length>
            </number-length>
            <number-prefix>
                <prefix>34</prefix>
                <prefix>37</prefix>
            </number-prefix>
        </card-number-settings>
        <security-code-length>4</security-code-length>
        <custom-attributes>
            <custom-attribute attribute-id="worldPayCardType">AMEX-SSL</custom-attribute>
        </custom-attributes>
    </payment-card>

    <payment-card card-type="MasterCard">
        <name xml:lang="x-default">MasterCard</name>
        <name xml:lang="fr-FR">MasterCard</name>
        <name xml:lang="it-IT">MasterCard</name>
        <name xml:lang="ja-JP">MasterCard</name>
        <name xml:lang="zh-CN">MASTERCARD</name>
        <enabled-flag>true</enabled-flag>
        <card-number-settings>
            <enable-checksum-verification>true</enable-checksum-verification>
            <number-length>
                <length>16</length>
            </number-length>
            <number-prefix>
                <prefix>51-55</prefix>
            </number-prefix>
        </card-number-settings>
        <security-code-length>3</security-code-length>
        <custom-attributes>
            <custom-attribute attribute-id="worldPayCardType">ECMC-SSL</custom-attribute>
        </custom-attributes>
    </payment-card>

    <payment-card card-type="Discover">
        <name xml:lang="x-default">Discover</name>
        <name xml:lang="fr-FR">Discover</name>
        <name xml:lang="it-IT">Discover</name>
        <name xml:lang="ja-JP">Discover</name>
        <name xml:lang="zh-CN">Discover</name>
        <enabled-flag>true</enabled-flag>
        <card-number-settings>
            <enable-checksum-verification>true</enable-checksum-verification>
            <number-length>
                <length>16</length>
            </number-length>
            <number-prefix>
                <prefix>6011</prefix>
                <prefix>622126-622925</prefix>
                <prefix>644-649</prefix>
                <prefix>65</prefix>
            </number-prefix>
        </card-number-settings>
        <security-code-length>3</security-code-length>
        <custom-attributes>
            <custom-attribute attribute-id="worldPayCardType">DISCOVER-SSL</custom-attribute>
        </custom-attributes>
    </payment-card>

    <payment-card card-type="DinersClub">
        <name xml:lang="x-default">Diners Club International</name>
        <name xml:lang="fr-FR">Diners Club International</name>
        <name xml:lang="it-IT">Diners Club International</name>
        <name xml:lang="ja-JP">Diners Club International</name>
        <name xml:lang="zh-CN">Diners Club（大莱卡）</name>
        <enabled-flag>true</enabled-flag>
        <card-number-settings>
            <enable-checksum-verification>true</enable-checksum-verification>
            <number-length>
                <length>14</length>
            </number-length>
            <number-prefix>
                <prefix>30</prefix>
                <prefix>36</prefix>
                <prefix>38</prefix>
            </number-prefix>
        </card-number-settings>
        <security-code-length>3</security-code-length>
        <custom-attributes>
            <custom-attribute attribute-id="worldPayCardType">DINERS-SSL</custom-attribute>
        </custom-attributes>
    </payment-card>

    <payment-card card-type="Airplus">
        <name xml:lang="x-default">Airplus</name>
        <enabled-flag>true</enabled-flag>
        <card-number-settings>
            <enable-checksum-verification>true</enable-checksum-verification>
            <number-length/>
            <number-prefix>
                <prefix>12</prefix>
            </number-prefix>
        </card-number-settings>
        <security-code-length>3</security-code-length>
        <custom-attributes>
            <custom-attribute attribute-id="worldPayCardType">AIRPLUS-SSL</custom-attribute>
        </custom-attributes>
    </payment-card>

    <payment-card card-type="Dankort">
        <name xml:lang="x-default">Dankort</name>
        <description xml:lang="x-default">Dankort</description>
        <enabled-flag>true</enabled-flag>
        <card-number-settings>
            <enable-checksum-verification>true</enable-checksum-verification>
            <number-length>
                <length>16</length>
            </number-length>
            <number-prefix>
                <prefix>50</prefix>
            </number-prefix>
        </card-number-settings>
        <security-code-length>3</security-code-length>
        <custom-attributes>
            <custom-attribute attribute-id="worldPayCardType">DANKORT-SSL</custom-attribute>
        </custom-attributes>
    </payment-card>

    <payment-card card-type="Laser">
        <name xml:lang="x-default">Laser</name>
        <enabled-flag>true</enabled-flag>
        <card-number-settings>
            <enable-checksum-verification>true</enable-checksum-verification>
            <number-length/>
            <number-prefix>
                <prefix>63</prefix>
            </number-prefix>
        </card-number-settings>
        <security-code-length>3</security-code-length>
        <custom-attributes>
            <custom-attribute attribute-id="worldPayCardType">LASER-SSL</custom-attribute>
        </custom-attributes>
    </payment-card>

    <payment-card card-type="Maestro">
        <name xml:lang="x-default">Maestro</name>
        <enabled-flag>true</enabled-flag>
        <card-number-settings>
            <enable-checksum-verification>true</enable-checksum-verification>
            <number-length>
                <length>16</length>
                <length>18</length>
                <length>19</length>
            </number-length>
            <number-prefix>
                <prefix>63</prefix>
                <prefix>67</prefix>
            </number-prefix>
        </card-number-settings>
        <security-code-length>3</security-code-length>
        <custom-attributes>
            <custom-attribute attribute-id="worldPayCardType">MAESTRO-SSL</custom-attribute>
        </custom-attributes>
    </payment-card>
</payment-settings>
