<?xml version="1.0" encoding="UTF-8"?>
<jobs xmlns="http://www.demandware.com/xml/impex/jobs/2015-07-01">
    <job job-id="InitiateCancelOrderJobs">
        <description>Initiate a Call to worldpay to cancel an order.</description>
        <parameters/>
        <flow>
            <context site-id="RefArch"/>
            <step step-id="InitiateCancelOrderJobs" type="ExecuteScriptModule" enforce-restart="false">
                <description>Initiate a Call to worldpay to cancel an order.</description>
                <parameters>
                    <parameter name="ExecuteScriptModule.Module">int_worldpay_core/cartridge/scripts/jobs/initiateCancelOrderJob.js</parameter>
                    <parameter name="ExecuteScriptModule.FunctionName">initiateCancelOrder</parameter>
                    <parameter name="ExecuteScriptModule.Transactional">false</parameter>
                </parameters>
            </step>
        </flow>
        <rules/>
        <triggers>
            <run-once enabled="false">
                <date>2017-03-20Z</date>
                <time>06:41:39.000Z</time>
            </run-once>
        </triggers>
    </job>

    <job job-id="OrderCleanUpJob">
        <description>Batch job for deleting and cleaning all the Orders in CREATED state. The orders to be deleted are identified based upon the number of days secified at the order level.</description>
        <parameters/>
        <flow>
            <context site-id="RefArch"/>
            <step step-id="OrderCleanUpJob" type="ExecuteScriptModule" enforce-restart="false">
                <description>Description Batch job for deleting and cleaning all the Orders in CREATED state. The orders to be deleted are identified based upon the number of days secified at the order level.</description>
                <parameters>
                    <parameter name="ExecuteScriptModule.Module">int_worldpay_core/cartridge/scripts/jobs/orderCleanUpJob.js</parameter>
                    <parameter name="ExecuteScriptModule.FunctionName">orderCleanUp</parameter>
                    <parameter name="ExecuteScriptModule.Transactional">true</parameter>
                </parameters>
            </step>
        </flow>
        <rules/>
        <triggers>
            <run-once enabled="false">
                <date>2017-03-20Z</date>
                <time>06:44:38.000Z</time>
            </run-once>
        </triggers>
    </job>

    <job job-id="OrderInquiriesUpdateJob">
        <description>Batch job for fetching order inquiries of Worldpay Orders with payment status= not paid and order status CREATED, NEW OR OPEN and updating Order Statuses and token details in order and customer saved payment instruments</description>
        <parameters/>
        <flow>
            <context site-id="RefArch"/>
            <step step-id="OrderInquiriesUpdateJob" type="ExecuteScriptModule" enforce-restart="false">
                <description>Batch job for fetching order inquiries of Worldpay Orders with payment status= not paid and order status CREATED, NEW OR OPEN and updating Order Statuses and token details in order and customer saved payment instruments</description>
                <parameters>
                    <parameter name="ExecuteScriptModule.Module">int_worldpay_core/cartridge/scripts/jobs/orderInquiriesUpdateJob.js</parameter>
                    <parameter name="ExecuteScriptModule.FunctionName">orderInquiriesUpdate</parameter>
                    <parameter name="ExecuteScriptModule.Transactional">true</parameter>
                </parameters>
            </step>
        </flow>
        <rules/>
        <triggers>
            <run-once enabled="false">
                <date>2017-03-23Z</date>
                <time>08:40:01.000Z</time>
            </run-once>
        </triggers>
    </job>

    <job job-id="OrderNotificationUpdatesJob">
        <description>Batch job for reading Custom Objects of Order Notifications and updating Order Statuses</description>
        <parameters/>
        <flow>
            <context site-id="RefArch"/>
            <step step-id="OrderNotificationUpdatesJob" type="ExecuteScriptModule" enforce-restart="false">
                <description>Batch job for reading Custom Objects of Order Notifications and updating Order Statuses</description>
                <parameters>
                    <parameter name="ExecuteScriptModule.Module">int_worldpay_core/cartridge/scripts/jobs/orderNotificationUpdatesJob.js</parameter>
                    <parameter name="ExecuteScriptModule.FunctionName">orderNotificationUpdateJob</parameter>
                    <parameter name="ExecuteScriptModule.Transactional">true</parameter>
                </parameters>
            </step>
        </flow>
        <rules/>
        <triggers>
            <run-once enabled="false">
                <date>2017-03-23Z</date>
                <time>07:06:09.000Z</time>
            </run-once>
        </triggers>
    </job>
    
        <job job-id="DeleteCard">
        <description/>
        <parameters/>
        <flow>
            <context site-id="RefArch"/>
            <step step-id="DeleteCard" type="ExecuteScriptModule" enforce-restart="false">
                <description/>
                <parameters>
                    <parameter name="ExecuteScriptModule.Module">int_worldpay_core/cartridge/scripts/jobs/worldpayJobs.js</parameter>
                    <parameter name="ExecuteScriptModule.FunctionName">deleteCard</parameter>
                    <parameter name="ExecuteScriptModule.Transactional">true</parameter>
                </parameters>
            </step>
        </flow>
        <rules/>
        <triggers>
            <run-once enabled="false">
                <date>2020-04-29Z</date>
                <time>16:02:46.000Z</time>
            </run-once>
        </triggers>
    </job>

    <job job-id="PayByLinkFailOrderJob">
        <description/>
        <parameters/>
        <flow>
            <context site-id="RefArch"/>
            <step step-id="FailOrder" type="ExecuteScriptModule" enforce-restart="false">
                <description/>
                <parameters>
                    <parameter name="ExecuteScriptModule.Module">int_worldpay_core/cartridge/scripts/jobs/payByLinkFailOrderJob.js</parameter>
                    <parameter name="ExecuteScriptModule.FunctionName">failOrder</parameter>
                    <parameter name="ExecuteScriptModule.Transactional">false</parameter>
                </parameters>
            </step>
        </flow>
        <rules>
            <on-running runtime-threshold="60m" enabled="false">
                <mark-job-as-hanging/>
            </on-running>
        </rules>
        <triggers>
            <run-once enabled="false">
                <date>2023-02-13Z</date>
                <time>08:09:50.000Z</time>
            </run-once>
        </triggers>
    </job>

    <job job-id="NotifyFraudSightOrdersJob">
        <description>Job that notifies the list of fraud sight risk orders</description>
        <parameters/>
        <flow>
            <context site-id="RefArch"/>
            <step step-id="NotifyFraudSightOrdersJob" type="ExecuteScriptModule" enforce-restart="false">
                <description/>
                <parameters>
                    <parameter name="ExecuteScriptModule.Module">int_worldpay_core/cartridge/scripts/jobs/notifyFraughtSightOrdersJob.js</parameter>
                    <parameter name="ExecuteScriptModule.FunctionName">notifyFraudSightRiskOrders</parameter>
                    <parameter name="ExecuteScriptModule.Transactional">true</parameter>
                    <parameter name="status">0,3,4,5</parameter>
                </parameters>
            </step>
        </flow>
        <rules/>
        <triggers>
            <run-once enabled="false">
                <date>2020-10-13Z</date>
                <time>18:23:43.000Z</time>
                <rules>
                    <on-exit status="ERROR">
                        <disable-trigger/>
                    </on-exit>
                </rules>
            </run-once>
        </triggers>
    </job>

</jobs>
